300,0,0
301,0,0
302,0,0
303,0,0
304,0,0
305,0,0
306,0,0
307,0,0
308,0,0
309,0,0
310,0,0
311,0,0
312,0,0
313,0,0
314,0,0
315,0,0
316,0,0
317,0,0
318,0,0
319,0,0
320,0,0
321,0,0
322,0,0
323,0,0
324,0,0
325,0,0
326,0,0
327,0,0
328,0,0
329,0,0
330,0,0
331,0,0
332,0,0
333,0,0
334,0,0
335,0,0
336,0,0
337,0,0
338,0,0
339,0,0
340,0,0
341,0,0
342,0,0
343,0,0
344,0,0
345,0,0
346,0,0
347,0,0
348,0,0
349,0,0
350,0,0
351,0,0
352,0,0
353,0,0
354,0,0
355,0,0
356,0,0
357,0,0
358,0,0
359,0,0
360,0,0
361,0,0
362,0,0
363,0,0
364,0,0
365,0,0
366,0,0
367,0,0
368,0,0
369,0,0
370,0,0
371,0,0
372,0,0
373,0,0
374,0,0
375,0,0
376,0,0
377,0,0
378,0,0
379,0,0
380,0,0
381,0,0
382,0,0
383,0,0
384,0,0
385,0,0
386,0,0
387,0,0
388,0,0
389,0,0
390,0,0
391,0,0
392,0,0
393,0,0
394,0,0
395,0,0
396,0,0
397,0,0
398,0,0
399,0,0
400,15.72112098,0
401,15.27991782,0
402,15.18012991,0
403,15.08004574,0
404,14.96569468,0
405,14.88044285,0
406,14.80943014,0
407,14.63935126,0
408,14.51310861,0
409,14.38828584,0
410,14.15081043,0
411,13.92871198,0
412,13.57631616,0
413,13.25235829,0
414,12.89472955,0
415,12.6524811,0
416,12.28727492,0
417,11.96874404,0
418,11.87140219,0
419,11.42232656,0
420,11.17373916,0
421,11.09192633,0
422,10.82060713,0
423,10.637847,0
424,10.32411067,0
425,10.21057594,0
426,10.01198572,0
427,9.854959855,0
428,9.495121135,0
429,9.272624898,0
430,9.075643081,0
431,8.871212121,0
432,8.556519552,0
433,8.472837375,0
434,8.194009056,0
435,8.096050225,0
436,7.921727395,0
437,7.719825165,0
438,7.553869352,0
439,7.358961316,0
440,7.26115571,0
441,6.998271142,0
442,6.821171462,0
443,6.670478369,0
444,6.433766911,0
445,6.258131668,0
446,6.134774317,0
447,5.925743503,0
448,5.775565991,0
449,5.454545455,0
450,5.367132867,0
451,5.197308474,0
452,4.96528755,0
453,4.852723035,0
454,4.662368029,0
455,4.43090295,0
456,4.251170047,0
457,4.095643939,0
458,3.952465835,0
459,3.760439036,0
460,3.633734825,0
461,3.476570935,0
462,3.441334587,0
463,3.32558815,0
464,3.181818182,0
465,3.111515152,0
466,3.082465973,0
467,3.023001095,0
468,3.005904455,0
469,3.03397761,0
470,3.065939197,0
471,2.97509508,0
472,3.13319125,0
473,3.123092325,0
474,3.187927664,0
475,3.302128282,0
476,3.356194367,0
477,3.45299518,0
478,3.563790162,0
479,3.619661179,0
480,3.705288176,0
481,3.909494317,0
482,4.121022431,0
483,4.242424242,0
484,4.364682936,0
485,4.590541278,0
486,4.817921198,0
487,5.158364628,0
488,5.330653314,0
489,5.691770877,0
490,6.022144522,0
491,6.245494081,0
492,6.578427958,0
493,6.900805288,0
494,7.242284811,0
495,7.504934401,0
496,7.96665283,0
497,8.238062443,0
498,8.673015003,0
499,9.064785789,0
500,9.355100935,0
501,9.721941014,0
502,9.918371911,0
503,10.3778416,0
504,10.85065409,0
505,11.14922813,0
506,11.63400406,0
507,12.02380952,0
508,12.65849989,0
509,13.15761414,0
510,13.55383443,0
511,14.14421221,0
512,14.68291159,0
513,15.31687957,0
514,16.06203834,0
515,16.70317634,0
516,17.52270718,0
517,18.18978742,0
518,19.00108578,0
519,19.97022585,0
520,20.74487679,0
521,21.41580677,0
522,22.34562247,0
523,23.38582826,0
524,24.08461553,0
525,25.0475232,0
526,26.04282433,0
527,26.58402204,0
528,27.62708459,0
529,28.50662312,0
530,29.62823004,0
531,30.84000072,0
532,32.27583755,0
533,33.41284566,0
534,35.05541526,0
535,36.72434523,0
536,38.39886277,0
537,39.65422139,0
538,41.08523155,0
539,42.09227102,0
540,43.30942328,0
541,44.02961164,0
542,45.06947932,0
543,45.88792213,0
544,46.98793183,0
545,48.35273718,0
546,49.64136479,0
547,51.20279972,0
548,52.4932461,0
549,54.03743791,0
550,55.48839458,0
551,57.51800696,0
552,59.31946043,0
553,61.23439116,0
554,63.05215161,0
555,65.07351203,0
556,67.19026791,0
557,68.75916737,0
558,71.21756301,0
559,73.42181385,0
560,76.06616059,0
561,78.59752541,0
562,80.50198959,0
563,82.4230236,0
564,84.82420601,0
565,86.76315393,0
566,88.27143842,0
567,89.92241109,0
568,91.81833087,0
569,93.29714176,0
570,95.02048301,5.884794119
571,96.24454663,6.14727943
572,97.22466444,6.815715
573,98.06498722,7.561929068
574,98.75735775,8.455988678
575,99.80126782,9.531765041
576,100,10.64228898
577,99.8835052,11.84075347
578,99.8638871,13.33810183
579,99.53445863,14.83207849
580,99.13866621,16.65236666
581,98.08500701,18.75549705
582,97.00923494,20.93438366
583,95.19791886,23.21285874
584,93.37480211,25.85944024
585,91.45320609,28.55918228
586,89.62966053,31.61160423
587,87.4605285,34.82409063
588,84.48954235,38.27649823
589,81.83328528,41.96290569
590,78.97402206,45.776249
591,75.34844394,49.45191203
592,72.09516834,53.32314887
593,68.32373692,57.38925828
594,65.49950864,61.51617182
595,61.88769896,65.85308431
596,58.20211814,70.08461257
597,54.50161412,74.55984542
598,50.69447198,78.33285438
599,46.9953775,82.07747021
600,43.69746797,85.64043246
601,39.81995362,88.42489316
602,36.63132179,90.91349087
603,33.17023287,93.31827062
604,30.58635655,95.35855838
605,27.74681274,97.12520082
606,25.02324633,98.96930943
607,22.59102949,100
608,20.31766457,99.45150204
609,18.49200668,98.84177611
610,16.83918392,97.90226372
611,15.30109819,96.57330784
612,13.82243488,94.73598638
613,12.58523497,92.63911891
614,11.35904128,90.39892703
615,10.393793,87.64851954
616,9.509928949,84.78958954
617,8.510998923,81.50461837
618,7.717445043,77.84433692
619,6.912165652,74.77018443
620,6.257456454,71.48158952
621,5.601127002,68.28338229
622,5.056632865,65.28924036
623,4.779963376,62.42521044
624,4.732495765,59.29457071
625,4.821468253,56.57748287
626,0,53.87352005
627,0,51.55166869
628,0,49.0976543
629,0,46.64396743
630,0,44.37931489
631,0,42.62105829
632,0,40.5412625
633,0,38.62021391
634,0,37.11146786
635,0,35.71341119
636,0,34.21694198
637,0,33.30159535
638,0,32.13578067
639,0,31.32837089
640,0,30.68082765
641,0,29.87942782
642,0,29.00887086
643,0,28.29989893
644,0,27.83688315
645,0,27.2784213
646,0,26.74527177
647,0,26.36981968
648,0,25.99764317
649,0,25.72586708
650,0,25.56319064
651,0,25.25297925
652,0,25.01104983
653,0,24.99515413
654,0,24.33671351
655,0,24.14457369
656,0,23.52337213
657,0,22.92119944
658,0,22.51045506
659,0,21.75247569
660,0,21.30183661
661,0,20.92876739
662,0,20.60791018
663,0,20.41031578
664,0,20.47000837
665,0,19.76902402
666,0,19.47677531
667,0,18.99564371
668,0,18.61285214
669,0,18.28749184
670,0,17.93104818
671,0,17.32140055
672,0,16.70596799
673,0,16.33589741
674,0,15.77845489
675,0,15.35984867
676,0,14.79646033
677,0,14.21225899
678,0,13.65893482
679,0,13.20485734
680,0,12.76246586
681,0,12.53123496
682,0,11.91244158
683,0,11.52485941
684,0,10.96370122
685,0,10.6342013
686,0,10.35757236
687,0,9.78539775
688,0,9.451384107
689,0,9.154280713
690,0,8.687429617
691,0,8.207329438
692,0,7.913647493
693,0,7.572935182
694,0,7.39655976
695,0,7.073005517
696,0,6.719427905
697,0,6.641714524
698,0,6.327470332
699,0,5.977145338
700,0,5.76042142
701,0,0
702,0,0
703,0,0
704,0,0
705,0,0
706,0,0
707,0,0
708,0,0
709,0,0
710,0,0
711,0,0
712,0,0
713,0,0
714,0,0
715,0,0
716,0,0
717,0,0
718,0,0
719,0,0
720,0,0
721,0,0
722,0,0
723,0,0
724,0,0
725,0,0
726,0,0
727,0,0
728,0,0
729,0,0
730,0,0
731,0,0
732,0,0
733,0,0
734,0,0
735,0,0
736,0,0
737,0,0
738,0,0
739,0,0
740,0,0
741,0,0
742,0,0
743,0,0
744,0,0
745,0,0
746,0,0
747,0,0
748,0,0
749,0,0
750,0,0
751,0,0
752,0,0
753,0,0
754,0,0
755,0,0
756,0,0
757,0,0
758,0,0
759,0,0
760,0,0
761,0,0
762,0,0
763,0,0
764,0,0
765,0,0
766,0,0
767,0,0
768,0,0
769,0,0
770,0,0
771,0,0
772,0,0
773,0,0
774,0,0
775,0,0
776,0,0
777,0,0
778,0,0
779,0,0
780,0,0
781,0,0
782,0,0
783,0,0
784,0,0
785,0,0
786,0,0
787,0,0
788,0,0
789,0,0
790,0,0
791,0,0
792,0,0
793,0,0
794,0,0
795,0,0
796,0,0
797,0,0
798,0,0
799,0,0
800,0,0
801,0,0
802,0,0
803,0,0
804,0,0
805,0,0
806,0,0
807,0,0
808,0,0
809,0,0
810,0,0
811,0,0
812,0,0
813,0,0
814,0,0
815,0,0
816,0,0
817,0,0
818,0,0
819,0,0
820,0,0
821,0,0
822,0,0
823,0,0
824,0,0
825,0,0
826,0,0
827,0,0
828,0,0
829,0,0
830,0,0
831,0,0
832,0,0
833,0,0
834,0,0
835,0,0
836,0,0
837,0,0
838,0,0
839,0,0
840,0,0
841,0,0
842,0,0
843,0,0
844,0,0
845,0,0
846,0,0
847,0,0
848,0,0
849,0,0
850,0,0
851,0,0
852,0,0
853,0,0
854,0,0
855,0,0
856,0,0
857,0,0
858,0,0
859,0,0
860,0,0
861,0,0
862,0,0
863,0,0
864,0,0
865,0,0
866,0,0
867,0,0
868,0,0
869,0,0
870,0,0
871,0,0
872,0,0
873,0,0
874,0,0
875,0,0
876,0,0
877,0,0
878,0,0
879,0,0
880,0,0
881,0,0
882,0,0
883,0,0
884,0,0
885,0,0
886,0,0
887,0,0
888,0,0
889,0,0
890,0,0
891,0,0
892,0,0
893,0,0
894,0,0
895,0,0
896,0,0
897,0,0
898,0,0
899,0,0
900,0,0
901,0,0
902,0,0
903,0,0
904,0,0
905,0,0
906,0,0
907,0,0
908,0,0
909,0,0
910,0,0
911,0,0
912,0,0
913,0,0
914,0,0
915,0,0
916,0,0
917,0,0
918,0,0
919,0,0
920,0,0
921,0,0
922,0,0
923,0,0
924,0,0
925,0,0
926,0,0
927,0,0
928,0,0
929,0,0
930,0,0
931,0,0
932,0,0
933,0,0
934,0,0
935,0,0
936,0,0
937,0,0
938,0,0
939,0,0
940,0,0
941,0,0
942,0,0
943,0,0
944,0,0
945,0,0
946,0,0
947,0,0
948,0,0
949,0,0
950,0,0
951,0,0
952,0,0
953,0,0
954,0,0
955,0,0
956,0,0
957,0,0
958,0,0
959,0,0
960,0,0
961,0,0
962,0,0
963,0,0
964,0,0
965,0,0
966,0,0
967,0,0
968,0,0
969,0,0
970,0,0
971,0,0
972,0,0
973,0,0
974,0,0
975,0,0
976,0,0
977,0,0
978,0,0
979,0,0
980,0,0
981,0,0
982,0,0
983,0,0
984,0,0
985,0,0
986,0,0
987,0,0
988,0,0
989,0,0
990,0,0
991,0,0
992,0,0
993,0,0
994,0,0
995,0,0
996,0,0
997,0,0
998,0,0
999,0,0
