300,42.53931,0
301,37.06496,0
302,32.54399,0
303,29.09491,0
304,26.4122,0
305,24.28012,0
306,22.63973,0
307,21.41422,0
308,20.25042,0
309,19.46342,0
310,18.74428,0
311,18.03366,0
312,17.34623,0
313,16.80368,0
314,16.32944,0
315,15.81456,0
316,15.32925,0
317,14.84841,0
318,14.58246,0
319,14.44203,0
320,14.02736,0
321,13.76545,0
322,13.74864,0
323,13.6229,0
324,13.46759,0
325,13.34844,0
326,13.47418,0
327,13.32504,0
328,13.34227,0
329,13.52524,0
330,13.39737,0
331,13.43354,0
332,13.42737,0
333,13.41865,0
334,13.37397,0
335,13.42291,0
336,13.53992,0
337,13.57205,0
338,13.65503,0
339,13.7229,0
340,13.80588,0
341,13.7763,0
342,13.81651,0
343,13.76758,0
344,13.76545,0
345,13.68056,0
346,13.55716,0
347,13.34227,0
348,13.21014,0
349,13.01228,0
350,12.82313,0
351,12.58271,0
352,12.46782,0
353,12.28463,0
354,12.22102,0
355,12.02081,0
356,11.91464,0
357,11.75507,0
358,11.55273,0
359,11.30806,0
360,11.12083,0
361,10.89956,0
362,10.75488,0
363,10.56573,0
364,10.32297,0
365,10.11681,0
366,9.95298,0
367,9.706177,0
368,9.427246,0
369,9.227464,0
370,9.008106,0
371,8.753006,0
372,8.489182,0
373,8.295356,0
374,8.135997,0
375,7.920896,0
376,7.701964,0
377,7.476437,0
378,7.308355,0
379,7.065594,0
380,6.871982,0
381,6.729431,0
382,6.603902,0
383,6.395609,0
384,6.574115,0
385,6.327525,0
386,6.167954,0
387,6.074339,0
388,5.929448,0
389,5.829663,0
390,5.706262,0
391,5.614561,0
392,5.502011,0
393,5.389034,0
394,5.240314,0
395,5.159465,0
396,5.035851,0
397,4.910534,0
398,4.801813,0
399,4.69139,0
400,4.584796,0
401,4.52735,0
402,4.425438,0
403,4.308419,0
404,4.248633,0
405,4.248633,0
406,4.114594,0
407,4.097785,0
408,4.016936,0
409,3.942469,0
410,3.8763,0
411,3.827578,0
412,3.8146,0
413,3.776515,0
414,3.733963,0
415,3.708432,0
416,3.672262,0
417,3.608434,0
418,3.597583,0
419,3.574179,0
420,3.570137,0
421,3.465671,0
422,3.410566,0
423,3.423331,0
424,3.369928,0
425,3.438225,0
426,3.423331,0
427,3.45716,0
428,3.463543,0
429,3.425459,0
430,3.455246,0
431,3.416949,0
432,3.325248,0
433,3.327376,0
434,3.286951,0
435,3.301845,0
436,3.248867,0
437,3.240357,0
438,3.21674,0
439,3.238229,0
440,3.176316,0
441,3.174188,0
442,3.161635,0
443,3.172273,0
444,3.1127,0
445,3.127593,0
446,3.091424,0
447,3.133763,0
448,3.044616,0
449,3.038021,0
450,3.018872,0
451,3.050999,0
452,2.97632,0
453,3.065892,0
454,3.004191,0
455,3.048659,0
456,3.025468,0
457,3.070148,0
458,3.070148,0
459,3.059297,0
460,3.080786,0
461,3.093338,0
462,3.006319,0
463,3.008234,0
464,2.955256,0
465,2.985043,0
466,2.923342,0
467,2.959512,0
468,3.001851,0
469,2.97632,0
470,2.944618,0
471,2.967809,0
472,3.010574,0
473,3.010574,0
474,2.989298,0
475,3.01483,0
476,3.080786,0
477,3.070148,0
478,2.993341,0
479,3.036106,0
480,3.063552,0
481,3.114615,0
482,3.021212,0
483,3.123338,0
484,3.155039,0
485,3.201847,0
486,3.257165,0
487,3.29993,0
488,3.338227,0
489,3.419076,0
490,3.472054,0
491,3.508223,0
492,3.544393,0
493,3.567796,0
494,3.644603,0
495,3.689283,0
496,3.750771,0
497,3.819068,0
498,3.908428,0
499,3.99566,0
500,4.070127,0
501,4.146507,0
502,4.233739,0
503,4.320972,0
504,4.3848,0
505,4.478628,0
506,4.56352,0
507,4.648625,0
508,4.704155,0
509,4.84011,0
510,4.872237,0
511,4.950746,0
512,5.010532,0
513,5.142444,0
514,5.235846,0
515,5.301802,0
516,5.4018,0
517,5.503926,0
518,5.608179,0
519,5.703921,0
520,5.782643,0
521,5.869875,0
522,5.982639,0
523,6.057318,0
524,6.195613,0
525,6.293483,0
526,6.440289,0
527,6.520925,0
528,6.689219,0
529,6.833897,0
530,6.984746,0
531,7.12304,0
532,7.293249,0
533,7.493458,0
534,7.631752,0
535,7.836004,0
536,8.088977,0
537,8.235995,0
538,8.444288,0
539,8.654922,0
540,8.904066,0
541,9.112573,0
542,9.3081,0
543,9.595328,0
544,9.842132,0
545,10.12106,0
546,10.38701,0
547,10.72509,0
548,10.95721,0
549,11.30593,0
550,11.61465,0
551,11.94017,0
552,12.21676,0
553,12.54016,0
554,12.85079,0
555,13.18461,0
556,13.46354,0
557,13.81247,0
558,14.1614,0
559,14.52501,0
560,14.89117,0
561,15.24202,0
562,15.6252,0
563,16.00604,0
564,16.49518,0
565,16.87602,0
566,17.35069,0
567,17.84834,0
568,18.38663,0
569,18.88683,0
570,19.48235,0
571,20.0717,0
572,20.69084,0
573,21.35699,0
574,22.05485,0
575,22.79079,0
576,23.61205,0
577,24.43352,0
578,25.2801,0
579,26.17583,0
580,27.12474,0
581,28.11621,0
582,29.13342,0
583,30.14404,0
584,31.22487,0
585,32.26293,13.53198
586,33.35461,7.490916
587,34.40331,3.9871
588,35.5118,2.295603
589,36.56709,1.460756
590,37.58431,1.217296
591,38.62875,1.217296
592,39.60341,0.9738372
593,40.62233,1.095567
594,41.58401,0.9738372
595,42.50335,1.103743
596,43.32461,1.103743
597,44.20757,1.103743
598,44.95436,1.349019
599,45.76924,1.226381
600,46.42029,1.349019
601,47.07325,1.349019
602,47.60941,1.226381
603,48.13068,1.226381
604,48.59897,1.235465
605,49.06257,1.235465
606,49.46703,1.235465
607,49.89043,1.359012
608,50.26468,1.235465
609,50.67956,1.359012
610,51.10104,1.359012
611,51.56677,1.493459
612,52.09889,1.493459
613,52.72866,1.617914
614,53.4712,1.866824
615,54.28587,1.88045
616,55.22414,1.88045
617,56.28817,2.146621
618,57.47325,2.399164
619,58.70705,2.525436
620,60.12191,2.797965
621,61.69018,3.052325
622,63.31546,3.458394
623,65.07287,3.970748
624,66.92603,4.514898
625,68.93875,4.90189
626,70.97275,5.585938
627,73.17504,6.409884
628,75.39606,7.063953
629,77.66409,8.035065
630,79.99809,9.284157
631,82.28548,10.41606
632,84.59799,12.10029
633,86.84283,13.71366
634,89.09364,15.56595
635,91.25529,17.98692
636,93.2427,19.89008
637,95.04245,22.2311
638,96.67029,24.87918
639,98.0126,27.55996
640,99.00853,30.69586
641,99.71682,34.57849
642,100,38.22311
643,99.90405,42.46548
644,99.44469,46.80233
645,98.46812,51.19004
646,96.99347,55.7758
647,95.1618,60.18895
648,92.92335,64.9028
649,90.18532,68.76453
650,87.19793,72.97147
651,83.83205,77.22292
652,80.16,80.6141
653,76.29179,84.6875
654,72.21336,87.22293
655,68.14941,90.77489
656,63.93906,92.89608
657,59.79448,96.04832
658,55.54563,97.72892
659,51.55422,98.81904
660,47.57133,98.91897
661,43.79247,100
662,40.10957,99.69113
663,36.69284,98.37391
664,33.36312,97.69258
665,30.24382,96.80232
666,27.34389,94.64026
667,24.7782,93.29578
668,22.35484,91.73328
669,20.15702,88.11774
670,18.1994,85.14535
671,16.40178,81.91134
672,14.77203,80.1072
673,13.32716,76.89408
674,12.02081,74.17969
675,10.87402,71.98038
676,9.774261,69.06976
677,8.882577,67.33285
678,8.04217,64.55305
679,7.320909,61.71148
680,6.621136,59.01163
681,6.063701,56.91497
682,5.476266,54.71203
683,5.023085,52.46185
684,4.576285,50.16715
685,4.176294,48.66642
686,3.8763,47.11392
687,3.514606,44.881
688,3.238229,43.26672
689,2.97015,42.6835
690,2.74675,40.77762
691,2.518883,40.19804
692,2.323355,38.38208
693,2.148678,37.2956
694,1.993575,36.09375
695,1.821025,35.09084
696,1.697836,34.40407
697,1.551031,32.86337
698,1.469969,32.98965
699,1.335929,32.36919
700,1.229548,31.72692
701,0,31.31541
702,0,31.14281
703,0,29.82195
704,0,29.35865
705,0,29.50582
706,0,28.74637
707,0,28.7718
708,0,27.97692
709,0,28.07594
710,0,28.35392
711,0,27.87972
712,0,27.86519
713,0,27.93332
714,0,27.32558
715,0,27.37282
716,0,26.81686
717,0,26.76145
718,0,26.78052
719,0,26.48438
720,0,26.17369
721,0,25.53325
722,0,25.50872
723,0,24.83194
724,0,24.20058
725,0,24.46948
726,0,24.40407
727,0,24.3314
728,0,23.28852
729,0,23.1895
730,0,22.03398
731,0,21.61156
732,0,21.17097
733,0,21.43895
734,0,20.6032
735,0,19.74019
736,0,19.22693
737,0,19.07703
738,0,18.53198
739,0,18.35938
740,0,18.21948
741,0,16.82594
742,0,17.05487
743,0,16.42442
744,0,15.39426
745,0,15.14171
746,0,14.84829
747,0,14.05977
748,0,13.69186
749,0,13.32031
750,0,13.4048
751,0,12.619
752,0,12.72438
753,0,11.92042
754,0,12.01853
755,0,11.66788
756,0,11.33267
757,0,10.96657
758,0,11.53706
759,0,10.71857
760,0,10.35247
761,0,9.996367
762,0,10.09175
763,0,9.216933
764,0,9.792878
765,0,9.406796
766,0,9.493096
767,0,9.075218
768,0,8.663699
769,0,8.24128
770,0,8.328488
771,0,8.430232
772,0,8.517442
773,0,8.619185
774,0,8.720931
775,0,8.271257
776,0,8.353016
777,0,8.448401
778,0,7.961482
779,0,8.050508
780,0,7.558139
781,0,7.640806
782,0,7.723474
783,0,7.21657
784,0,7.900618
785,0,6.76508
786,0,7.467297
787,0,7.543604
788,0,6.994913
789,0,7.707122
790,0,7.134811
791,0,6.558867
792,0,7.284702
793,0,7.364644
794,0,7.444585
795,0,6.831395
796,0,7.60447
797,0,7.674418
798,0,7.058503
799,0,7.140262
800,0,0
801,0,0
802,0,0
803,0,0
804,0,0
805,0,0
806,0,0
807,0,0
808,0,0
809,0,0
810,0,0
811,0,0
812,0,0
813,0,0
814,0,0
815,0,0
816,0,0
817,0,0
818,0,0
819,0,0
820,0,0
821,0,0
822,0,0
823,0,0
824,0,0
825,0,0
826,0,0
827,0,0
828,0,0
829,0,0
830,0,0
831,0,0
832,0,0
833,0,0
834,0,0
835,0,0
836,0,0
837,0,0
838,0,0
839,0,0
840,0,0
841,0,0
842,0,0
843,0,0
844,0,0
845,0,0
846,0,0
847,0,0
848,0,0
849,0,0
850,0,0
851,0,0
852,0,0
853,0,0
854,0,0
855,0,0
856,0,0
857,0,0
858,0,0
859,0,0
860,0,0
861,0,0
862,0,0
863,0,0
864,0,0
865,0,0
866,0,0
867,0,0
868,0,0
869,0,0
870,0,0
871,0,0
872,0,0
873,0,0
874,0,0
875,0,0
876,0,0
877,0,0
878,0,0
879,0,0
880,0,0
881,0,0
882,0,0
883,0,0
884,0,0
885,0,0
886,0,0
887,0,0
888,0,0
889,0,0
890,0,0
891,0,0
892,0,0
893,0,0
894,0,0
895,0,0
896,0,0
897,0,0
898,0,0
899,0,0
900,0,0
901,0,0
902,0,0
903,0,0
904,0,0
905,0,0
906,0,0
907,0,0
908,0,0
909,0,0
910,0,0
911,0,0
912,0,0
913,0,0
914,0,0
915,0,0
916,0,0
917,0,0
918,0,0
919,0,0
920,0,0
921,0,0
922,0,0
923,0,0
924,0,0
925,0,0
926,0,0
927,0,0
928,0,0
929,0,0
930,0,0
931,0,0
932,0,0
933,0,0
934,0,0
935,0,0
936,0,0
937,0,0
938,0,0
939,0,0
940,0,0
941,0,0
942,0,0
943,0,0
944,0,0
945,0,0
946,0,0
947,0,0
948,0,0
949,0,0
950,0,0
951,0,0
952,0,0
953,0,0
954,0,0
955,0,0
956,0,0
957,0,0
958,0,0
959,0,0
960,0,0
961,0,0
962,0,0
963,0,0
964,0,0
965,0,0
966,0,0
967,0,0
968,0,0
969,0,0
970,0,0
971,0,0
972,0,0
973,0,0
974,0,0
975,0,0
976,0,0
977,0,0
978,0,0
979,0,0
980,0,0
981,0,0
982,0,0
983,0,0
984,0,0
985,0,0
986,0,0
987,0,0
988,0,0
989,0,0
990,0,0
991,0,0
992,0,0
993,0,0
994,0,0
995,0,0
996,0,0
997,0,0
998,0,0
999,0,0
