300,100,0
301,98.4858479,0
302,97.01085491,0
303,95.66639227,0
304,94.38066829,0
305,93.1275769,0
306,91.86143248,0
307,90.66707974,0
308,89.42051487,0
309,88.25226821,0
310,86.98612378,0
311,85.86356274,0
312,84.84542599,0
313,83.78160361,0
314,82.815679,0
315,81.76490965,0
316,80.84467066,0
317,79.84611346,0
318,79.07598437,0
319,78.19490449,0
320,77.34645719,0
321,76.51106293,0
322,75.78661947,0
323,74.95775173,0
324,74.35078559,0
325,73.55455043,0
326,72.97369036,0
327,71.22458363,0
328,71.10710631,0
329,70.76772739,0
330,70.23255294,0
331,69.56032162,0
332,69.05777976,0
333,68.45081362,0
334,67.88300658,0
335,67.28909348,0
336,66.73433948,0
337,66.17305896,0
338,65.7096762,0
339,65.07660399,0
340,64.65238034,0
341,63.99972857,0
342,63.52329279,0
343,63.03380396,0
344,62.54366248,0
345,62.02872024,0
346,61.47396624,0
347,60.99753045,0
348,60.37098475,0
349,59.95981414,0
350,59.36590103,0
351,59.32944647,0
352,58.81801364,0
353,58.33443593,0
354,57.85118212,0
355,57.35043788,0
356,56.9034605,0
357,56.41146147,0
358,55.92496869,0
359,55.43329356,0
360,55.02064922,0
361,54.55197076,0
362,54.12604665,0
363,53.6949402,0
364,53.26610102,0
365,52.84762654,0
366,52.4249414,0
367,52.03853269,0
368,51.63236628,0
369,51.24790095,0
370,50.88772786,0
371,50.50747319,0
372,50.16932508,0
373,49.80461744,0
374,49.45092229,0
375,49.10435286,0
376,48.73964523,0
377,48.40182101,0
378,48.07079863,0
379,47.75791446,0
380,47.41134503,0
381,47.06024105,0
382,46.78330941,0
383,46.44386571,0
384,46.10247864,0
385,45.12366293,0
386,44.82438242,0
387,44.5066398,0
388,44.20152915,0
389,43.87568911,0
390,43.55308804,0
391,43.21299655,0
392,42.8787352,0
393,42.52536394,0
394,42.161628,0
395,41.78590787,0
396,41.39982306,0
397,41.01017538,0
398,40.61664094,0
399,40.20885504,0
400,39.78940887,0
401,39.37546894,0
402,38.95407939,0
403,38.53722439,0
404,38.10352676,0
405,37.69088242,0
406,37.25880428,0
407,36.85360956,0
408,36.42865715,0
409,36.02961646,0
410,35.6189155,0
411,35.2218182,0
412,34.83573338,0
413,34.46487171,0
414,34.09303834,0
415,33.73156967,0
416,33.3895348,0
417,33.05754073,0
418,32.73623524,0
419,32.41007131,0
420,32.11824042,0
421,31.82025549,0
422,31.55109737,0
423,31.37263031,0
424,31.10606336,0
425,30.84856552,0
426,30.5978695,0
427,30.35332753,0
428,30.11979804,0
429,29.88205789,0
430,29.65079568,0
431,29.42892647,0
432,29.20608556,0
433,28.98418396,0
434,28.75198245,0
435,28.53299592,0
436,28.30662454,0
437,28.08540313,0
438,27.83891777,0
439,27.59923424,0
440,27.34270809,0
441,27.08488635,0
442,26.80633522,0
443,26.51158927,0
444,26.19870509,0
445,25.86671102,0
446,25.52143718,0
447,25.1508994,0
448,24.75215023,0
449,24.32784561,0
450,23.89677154,0
451,23.43878167,0
452,22.97431386,0
453,22.48490601,0
454,21.99906102,0
455,21.49507782,0
456,21.0127957,0
457,20.51690992,0
458,20.04110572,0
459,19.56721252,0
460,19.10957894,0
461,18.67620521,0
462,18.26518035,0
463,17.86937863,0
464,17.49722137,0
465,17.15259533,0
466,16.83711998,0
467,16.54107844,0
468,16.2638229,0
469,16.02835003,0
470,15.80194626,0
471,15.60534099,0
472,15.42655004,0
473,15.27302302,0
474,15.13439525,0
475,15.01099062,0
476,14.90604811,0
477,14.80758352,0
478,14.71430128,0
479,14.62944036,0
480,14.54619892,0
481,14.46166189,0
482,14.37453369,0
483,14.2767169,0
484,14.17760452,0
485,14.06845135,0
486,13.94504672,0
487,13.81905092,0
488,13.68009925,0
489,13.53564135,0
490,13.38373381,0
491,13.22340497,0
492,13.06858236,0
493,12.90501455,0
494,12.74371402,0
495,12.58306127,0
496,12.42014125,0
497,12.2604602,0
498,12.09980746,0
499,11.94336537,0
500,11.78854277,0
501,11.63631134,0
502,11.48181264,0
503,11.33249628,0
504,11.1847994,0
505,11.03677863,0
506,10.8845472,0
507,10.73814591,0
508,10.58591448,0
509,10.43368305,0
510,10.28177552,0
511,10.12695291,0
512,9.971158622,0
513,9.813744846,0
514,9.655683277,0
515,9.498269501,0
516,9.340207932,0
517,9.181822466,0
518,9.026999863,0
519,8.869586088,0
520,8.719621935,0
521,8.564799332,0
522,8.424875976,0
523,8.283333136,0
524,8.14826823,0
525,8.021624636,0
526,7.902754563,0
527,7.790038526,0
528,7.689954459,0
529,7.600235084,0
530,7.516021953,0
531,7.443145205,0
532,7.385167703,0
533,7.324599028,0
534,7.280225186,0
535,7.233584067,0
536,7.191477502,0
537,7.154553283,0
538,7.115361787,0
539,7.077465878,0
540,7.039893866,0
541,6.996167817,0
542,6.948878905,0
543,6.900942199,0
544,6.849118734,0
545,6.791465129,0
546,6.732839834,0
547,6.681988058,0
548,6.627897316,0
549,6.573482678,0
550,6.522630902,0.095681375
551,6.481496027,0.110724605
552,6.442952325,0.124175503
553,6.410886555,0.140892693
554,6.382059753,0.162607679
555,6.363273747,0.182739599
556,6.347726707,0.214058345
557,6.339629291,0.247457541
558,6.338333704,0.288569402
559,6.341248774,0.328282609
560,6.356795813,0.381039681
561,6.36877999,0.44446622
562,6.387242099,0.505366886
563,6.406028105,0.582302667
564,6.417040592,0.674908447
565,6.421251248,0.77289537
566,6.414773315,0.887388382
567,6.395339516,1.003461223
568,6.356471917,1.15465187
569,6.302057278,1.303642618
570,6.228856633,1.485638339
571,6.142376226,1.668662946
572,6.044559435,1.875685166
573,5.937349641,2.109515645
574,5.828520364,2.391370747
575,5.720986673,2.701755857
576,5.620254813,3.086096877
577,5.524705299,3.496582614
578,5.443083341,4.033328517
579,5.378627906,4.60768039
580,5.33166289,5.343524422
581,5.310285711,6.225497704
582,5.310609608,7.280739248
583,5.33846472,8.542699788
584,5.392555462,10.20037844
585,5.489400563,12.0517612
586,5.616368053,14.65904138
587,5.789004972,17.51096875
588,5.997918316,21.37997128
589,6.256711746,25.48917004
590,6.549190428,30.73153697
591,6.885719056,36.37912342
592,7.253989557,43.02455798
593,7.629385783,49.79124204
594,8.00866877,57.25802024
595,8.358477161,64.80075879
596,8.670713539,72.43076675
597,8.896145614,79.0153597
598,9.035745073,85.36607806
599,9.04967263,90.55047592
600,8.937280489,95.08411593
601,8.708609448,97.88483421
602,8.337747775,99.47800624
603,7.884940247,100
604,7.341441654,99.02493171
605,6.761990533,97.24845992
606,6.140108949,94.55913579
607,5.521142435,91.00111866
608,4.921609721,86.80087793
609,4.347340946,82.07637862
610,3.817122117,76.70509946
611,3.317349573,71.35794759
612,2.888834294,66.27753345
613,2.487202438,60.85842525
614,2.150349914,55.95063134
615,1.837141845,51.08295899
616,1.580615692,46.66971757
617,1.347733995,42.27830341
618,1.15436769,38.06619849
619,0.982054668,34.41467183
620,0.841483518,30.9799594
621,0.718402788,27.93191137
622,0.611840787,25.22654649
623,0.522769206,22.58850944
624,0.450864148,20.16829999
625,0.3877043,18.01970986
626,0.333937455,16.23895381
627,0.289855119,14.48578363
628,0.25004822,12.94027376
629,0.220897521,11.54993729
630,0.192718512,10.33108477
631,0.167454572,9.228813266
632,0.149316359,8.283365168
633,0.134093216,7.393900969
634,0.12113735,6.540681173
635,0.108829277,5.913959629
636,0.095225618,5.3080688
637,0.087128201,4.726737599
638,0.080974165,4.260198603
639,0.072876748,3.794268838
640,0.067046608,3.415543902
641,0.059273088,3.078417028
642,0.055062432,2.755355363
643,0.051823465,2.489061279
644,0.046641119,2.232418412
645,0.041458772,2.01494175
646,0.038219806,1.820861851
647,0.035304736,1.649845643
648,0.035304736,1.491072375
649,0.029798493,1.357581152
650,0.027531216,1.217785911
651,0,1.100984002
652,0,0.994458373
653,0,0.905064895
654,0,0.810764055
655,0,0.750047963
656,0,0.665742752
657,0,0.612121172
658,0,0.545412309
659,0,0.497815415
660,0,0.442543594
661,0,0.414173996
662,0,0.363764674
663,0,0.335628406
664,0,0.30368133
665,0,0.27143859
666,0,0.242191878
667,0,0.221466309
668,0,0.209180682
669,0,0.186936318
670,0,0.16772851
671,0,0.154098897
672,0,0.143197518
673,0,0.126522023
674,0,0.116052336
675,0,0.107315731
676,0,0.098699516
677,0,0.088322209
678,0,0.078578131
679,0,0.073126942
680,0,0.068539281
681,0,0.06366594
682,0,0.057089259
683,0,0.054526207
684,0,0.048396624
685,0,0.048194463
686,0,0.042372205
687,0,0.041512564
688,0,0.037365011
689,0,0.035673974
690,0,0.038390956
691,0,0.032142801
692,0,0.033074708
693,0,0.025148228
694,0,0.025877492
695,0,0.025809006
696,0,0.028962067
697,0,0.02872551
698,0,0.02366372
699,0,0.021509591
700,0,0.023893287
701,0,0.023788444
702,0,0.02319922
703,0,0.019374076
704,0,0.016884272
705,0,0.022884174
706,0,0.015914172
707,0,0.01875693
708,0,0.023840366
709,0,0.016843707
710,0,0.018986479
711,0,0.018432666
712,0,0.018582994
713,0,0.02234097
714,0,0.016612161
715,0,0.020567395
716,0,0.019500084
717,0,0.02012299
718,0,0.015881453
719,0,0.021114415
720,0,0.018483999
721,0,0.023265228
722,0,0.015183409
723,0,0.015655167
724,0,0.01776875
725,0,0.028725671
726,0,0.018834153
727,0,0.022508558
728,0,0.021756489
729,0,0.025714362
730,0,0.019826363
731,0,0.018207307
732,0,0.01864228
733,0,0.020136648
734,0,0.0208956
735,0,0.023539264
736,0,0.032860743
737,0,0.023640469
738,0,0.025066832
739,0,0.021473342
740,0,0.023750287
741,0,0.01572237
742,0,0.02384855
743,0,0.022147938
744,0,0.026859842
745,0,0.019870903
746,0,0.016379136
747,0,0.021064811
748,0,0.022269381
749,0,0.023354327
750,0,0.022123403
751,0,0.026151207
752,0,0.029057424
753,0,0.013125636
754,0,0.028138996
755,0,0.023096053
756,0,0.019331569
757,0,0.027422516
758,0,0.038109235
759,0,0.023109675
760,0,0.026147231
761,0,0.029037382
762,0,0.028631098
763,0,0.023854006
764,0,0.024088833
765,0,0.029046476
766,0,0.028943184
767,0,0.022423382
768,0,0.024495616
769,0,0.03218554
770,0,0.025015177
771,0,0.028843156
772,0,0.025557614
773,0,0.019721716
774,0,0.032946792
775,0,0.02063631
776,0,0.027749883
777,0,0.034454551
778,0,0.033126576
779,0,0.026076444
780,0,0.02783431
781,0,0.023424543
782,0,0.030072011
783,0,0.036954501
784,0,0.022254938
785,0,0.032367571
786,0,0.015988542
787,0,0.034637598
788,0,0.034298356
789,0,0.028726473
790,0,0.027930505
791,0,0.023996454
792,0,0.033606393
793,0,0.026595595
794,0,0.02182551
795,0,0.027262007
796,0,0.030590145
797,0,0.017672358
798,0,0.043749712
799,0,0.018870652
800,0,0.028419736
801,0,0
802,0,0
803,0,0
804,0,0
805,0,0
806,0,0
807,0,0
808,0,0
809,0,0
810,0,0
811,0,0
812,0,0
813,0,0
814,0,0
815,0,0
816,0,0
817,0,0
818,0,0
819,0,0
820,0,0
821,0,0
822,0,0
823,0,0
824,0,0
825,0,0
826,0,0
827,0,0
828,0,0
829,0,0
830,0,0
831,0,0
832,0,0
833,0,0
834,0,0
835,0,0
836,0,0
837,0,0
838,0,0
839,0,0
840,0,0
841,0,0
842,0,0
843,0,0
844,0,0
845,0,0
846,0,0
847,0,0
848,0,0
849,0,0
850,0,0
851,0,0
852,0,0
853,0,0
854,0,0
855,0,0
856,0,0
857,0,0
858,0,0
859,0,0
860,0,0
861,0,0
862,0,0
863,0,0
864,0,0
865,0,0
866,0,0
867,0,0
868,0,0
869,0,0
870,0,0
871,0,0
872,0,0
873,0,0
874,0,0
875,0,0
876,0,0
877,0,0
878,0,0
879,0,0
880,0,0
881,0,0
882,0,0
883,0,0
884,0,0
885,0,0
886,0,0
887,0,0
888,0,0
889,0,0
890,0,0
891,0,0
892,0,0
893,0,0
894,0,0
895,0,0
896,0,0
897,0,0
898,0,0
899,0,0
900,0,0
901,0,0
902,0,0
903,0,0
904,0,0
905,0,0
906,0,0
907,0,0
908,0,0
909,0,0
910,0,0
911,0,0
912,0,0
913,0,0
914,0,0
915,0,0
916,0,0
917,0,0
918,0,0
919,0,0
920,0,0
921,0,0
922,0,0
923,0,0
924,0,0
925,0,0
926,0,0
927,0,0
928,0,0
929,0,0
930,0,0
931,0,0
932,0,0
933,0,0
934,0,0
935,0,0
936,0,0
937,0,0
938,0,0
939,0,0
940,0,0
941,0,0
942,0,0
943,0,0
944,0,0
945,0,0
946,0,0
947,0,0
948,0,0
949,0,0
950,0,0
951,0,0
952,0,0
953,0,0
954,0,0
955,0,0
956,0,0
957,0,0
958,0,0
959,0,0
960,0,0
961,0,0
962,0,0
963,0,0
964,0,0
965,0,0
966,0,0
967,0,0
968,0,0
969,0,0
970,0,0
971,0,0
972,0,0
973,0,0
974,0,0
975,0,0
976,0,0
977,0,0
978,0,0
979,0,0
980,0,0
981,0,0
982,0,0
983,0,0
984,0,0
985,0,0
986,0,0
987,0,0
988,0,0
989,0,0
990,0,0
991,0,0
992,0,0
993,0,0
994,0,0
995,0,0
996,0,0
997,0,0
998,0,0
999,0,0
